{
  "cards": [
    {
      "src": "/images/card_bg.jpg",
      "profile": "Welcome to Blog",
      "title": "欢迎来到Z-Blog",
      "id": "8_FPisjREu4PkjeGAfrYB",
      "createTime": "Date Mon Feb 7 1970",
      "url": "123",
      "nickname": "z-blog",
      "uprofile": "The blog",
      "avatar": "/images/head.png"
    },
    {
      "src": "/images/card_bg.jpg",
      "profile": "The Avatar component is used to represent a user, and displays the profile picture, initials or fallback icon.",
      "title": "Avatar",
      "id": "x_72DajZ89EeJ96VmW6aj",
      "createTime": "Date Mon Feb 7 1970",
      "url": "123",
      "nickname": "z-blog",
      "uprofile": "The blog",
      "avatar": "/images/head.png"
    },
    {
      "src": "/images/card_bg.jpg",
      "profile": "Buttons allow users to perform actions and choose with a single tap.",
      "title": "Button",
      "id": "87Sv_ASHIwAdw4PDMbf7w",
      "createTime": "Date Mon Feb 7 1970",
      "url": "123",
      "nickname": "z-blog",
      "uprofile": "The blog",
      "avatar": "/images/head.png"
    },
    {
      "src": "/images/card_bg.jpg",
      "profile": "If you need to make a group of buttons you can use the compound component Button.Group and inside the buttons you want to group.",
      "title": "Button Group",
      "id": "FVNLqCYNGhyhpnnxqiu3j",
      "createTime": "Date Mon Feb 7 1970",
      "url": "123",
      "nickname": "z-blog",
      "uprofile": "The blog",
      "avatar": "/images/head.png"
    },
    {
      "src": "/images/card_bg.jpg",
      "profile": "Card is a container for text, photos, and actions in the context of a single subject.",
      "title": "Card",
      "id": "b8rY1-TBUfEY3ZMGh4_Ma",
      "createTime": "Date Mon Feb 7 1970",
      "url": "123",
      "nickname": "z-blog",
      "uprofile": "The blog",
      "avatar": "/images/head.png"
    },
    {
      "src": "/images/card_bg.jpg",
      "profile": "The Pagination component allows you to display active page and navigate between multiple pages.",
      "title": "Pagination",
      "id": "8rilm2tpmu56c50TaLW3C",
      "createTime": "Date Mon Feb 7 1970",
      "url": "123",
      "nickname": "z-blog",
      "uprofile": "The blog",
      "avatar": "/images/head.png"
    },
    {
      "src": "/images/card_bg.jpg",
      "profile": "Tables are used to display tabular data using rows and columns. They allow users to quickly scan, sort, compare, and take action on large amounts of data. Table implementation is based on @react-aria/table",
      "title": "Table",
      "id": "-reDGiIeEhoUVjh6PkNZ0",
      "createTime": "Date Mon Feb 7 1970",
      "url": "123",
      "nickname": "z-blog",
      "uprofile": "The blog",
      "avatar": "/images/head.png"
    },
    {
      "src": "/images/card_bg.jpg",
      "profile": "A responsive navigation header positioned on top side of your page that includes support for branding, links, navigation, collapse and more.",
      "title": "Navbar",
      "id": "rETFA3GXrs2xL34wjAq40",
      "createTime": "Date Mon Feb 7 1970",
      "url": "123",
      "nickname": "z-blog",
      "uprofile": "The blog",
      "avatar": "/images/head.png"
    },
    {
      "src": "/images/card_bg.jpg",
      "profile": "Radios allow users to select a single option from a list of mutually exclusive options. All possible options are exposed up front for users to compare. Radio implementation is based on @react-aria/radio",
      "title": "Radio",
      "id": "shlePBkFKKx42TVZvd3s1",
      "createTime": "Date Mon Feb 7 1970",
      "url": "123",
      "nickname": "z-blog",
      "uprofile": "The blog",
      "avatar": "/images/head.png"
    },
    {
      "src": "/images/card_bg.jpg",
      "profile": "Links allow users to click their way from page to page. This component is styled to resemble a hyperlink and semantically renders an <a>",
      "title": "Link",
      "id": "nSIBzMrR1sG8nJ0kGQtFS",
      "createTime": "Date Mon Feb 7 1970",
      "url": "123",
      "nickname": "z-blog",
      "uprofile": "The blog",
      "avatar": "/images/head.png"
    }
  ]
}
